{
    "train_runtime": 8233.7775,
    "train_samples_per_second": 6.057,
    "train_steps_per_second": 0.189,
    "train_loss": 4.257433035434821,
    "epoch": 5.0,
    "eval_loss": 3.827728748321533,
    "eval_wups": 0.26689390021707315,
    "eval_acc": 0.21531676022453888,
    "eval_f1": 0.0164733340784389,
    "eval_runtime": 39.8532,
    "eval_samples_per_second": 62.58,
    "eval_steps_per_second": 1.957,
    "num_params": 211493126
}